dt,trade_date,order_book_id,event_type,quantity,price,cash_value,realized_pnl,layer,batch_id,sub_id,pending_id,stage,source,note
2026-03-03 09:40:00,2026-03-03,600315.XSHG,buy_attempt_fill,100,21.84,2184.0,0.0,,,,600315.XSHG-FTB-00001,,day0,
2026-03-03 09:54:00,2026-03-03,600887.XSHG,buy_attempt_fill,100,25.95,2595.0,0.0,,,,600887.XSHG-FTB-00002,,day0,
2026-03-03 09:59:00,2026-03-03,600000.XSHG,buy_attempt_fill,100,9.64,964.0,0.0,,,,600000.XSHG-FTB-00003,,day0,
2026-03-03 10:00:00,2026-03-03,300122.XSHE,buy_attempt_fill,100,16.37,1637.0,0.0,,,,300122.XSHE-FTB-00004,,day0,
2026-03-03 10:18:00,2026-03-03,600085.XSHG,buy_attempt_fill,100,30.39,3039.0,0.0,,,,600085.XSHG-FTB-00005,,day0,
2026-03-03 13:02:00,2026-03-03,600315.XSHG,buy_attempt_fill,100,21.3,2130.0,0.0,,,,600315.XSHG-FTB-00006,,day0,
2026-03-03 13:03:00,2026-03-03,300122.XSHE,buy_attempt_fill,100,16.22,1622.0,0.0,,,,300122.XSHE-FTB-00007,,day0,
2026-03-03 13:18:00,2026-03-03,600315.XSHG,buy_attempt_fill,100,21.32,2132.0,0.0,,,,600315.XSHG-FTB-00008,,day0,
2026-03-03 13:22:00,2026-03-03,600000.XSHG,buy_attempt_fill,100,9.76,976.0,0.0,,,,600000.XSHG-FTB-00009,,day0,
2026-03-03 13:22:00,2026-03-03,600085.XSHG,buy_attempt_fill,100,30.52,3052.0,0.0,,,,600085.XSHG-FTB-00010,,day0,
2026-03-03 13:22:00,2026-03-03,600887.XSHG,buy_attempt_fill,100,26.1,2610.0,0.0,,,,600887.XSHG-FTB-00011,,day0,
2026-03-03 13:23:00,2026-03-03,600161.XSHG,buy_attempt_fill,100,16.15,1614.9999999999998,0.0,,,,600161.XSHG-FTB-00012,,day0,
2026-03-03 15:30:00,2026-03-03,600887.XSHG,carryover_batch_created,200,26.025,5205.0,0.0,,600887.XSHG-B00004,,,,day0,pending forward buys merged into new batch
2026-03-03 15:30:00,2026-03-03,600315.XSHG,carryover_batch_created,300,21.486666666666668,6446.0,0.0,,600315.XSHG-B00006,,,,day0,pending forward buys merged into new batch
2026-03-03 15:30:00,2026-03-03,600085.XSHG,carryover_batch_created,200,30.455,6091.0,0.0,,600085.XSHG-B00015,,,,day0,pending forward buys merged into new batch
2026-03-03 15:30:00,2026-03-03,600161.XSHG,carryover_batch_created,100,16.15,1614.9999999999998,0.0,,600161.XSHG-B00018,,,,day0,pending forward buys merged into new batch
2026-03-03 15:30:00,2026-03-03,300122.XSHE,carryover_batch_created,200,16.295,3259.0000000000005,0.0,,300122.XSHE-B00019,,,,day0,pending forward buys merged into new batch
2026-03-03 15:30:00,2026-03-03,600000.XSHG,carryover_batch_created,200,9.7,1939.9999999999998,0.0,,600000.XSHG-B00028,,,,day0,pending forward buys merged into new batch
2026-03-04 09:39:00,2026-03-04,300142.XSHE,buy_attempt_fill,100,11.38,1138.0,0.0,,,,300142.XSHE-FTB-00013,,day0,
2026-03-04 09:42:00,2026-03-04,600161.XSHG,buy_attempt_fill,100,15.76,1576.0,0.0,,,,600161.XSHG-FTB-00014,,day1_plus,
2026-03-04 09:42:00,2026-03-04,600315.XSHG,buy_attempt_fill,100,21.15,2115.0,0.0,,,,600315.XSHG-FTB-00015,,day1_plus,
2026-03-04 09:43:00,2026-03-04,600000.XSHG,buy_attempt_fill,100,9.53,952.9999999999999,0.0,,,,600000.XSHG-FTB-00016,,day1_plus,
2026-03-04 09:47:00,2026-03-04,600138.XSHG,buy_attempt_fill,100,9.44,944.0,0.0,,,,600138.XSHG-FTB-00017,,day0,
2026-03-04 09:49:00,2026-03-04,300142.XSHE,buy_attempt_fill,100,11.42,1142.0,0.0,,,,300142.XSHE-FTB-00018,,day0,
2026-03-04 09:53:00,2026-03-04,600315.XSHG,buy_attempt_fill,100,21.16,2116.0,0.0,,,,600315.XSHG-FTB-00019,,day1_plus,
2026-03-04 10:02:00,2026-03-04,300142.XSHE,buy_attempt_fill,100,11.42,1142.0,0.0,,,,300142.XSHE-FTB-00020,,day0,
2026-03-04 10:08:00,2026-03-04,600887.XSHG,buy_attempt_fill,100,25.67,2567.0,0.0,,,,600887.XSHG-FTB-00021,,day1_plus,
2026-03-04 10:14:00,2026-03-04,300122.XSHE,buy_attempt_fill,100,15.87,1587.0,0.0,,,,300122.XSHE-FTB-00022,,day1_plus,
2026-03-04 10:23:00,2026-03-04,300142.XSHE,buy_attempt_fill,100,11.4,1140.0,0.0,,,,300142.XSHE-FTB-00023,,day0,
2026-03-04 13:07:00,2026-03-04,300142.XSHE,buy_attempt_fill,100,11.26,1126.0,0.0,,,,300142.XSHE-FTB-00024,,day0,
2026-03-04 13:09:00,2026-03-04,600000.XSHG,buy_attempt_fill,100,9.5,950.0,0.0,,,,600000.XSHG-FTB-00025,,day1_plus,
2026-03-04 13:27:00,2026-03-04,600000.XSHG,buy_attempt_fill,100,9.58,958.0,0.0,,,,600000.XSHG-FTB-00026,,day1_plus,
2026-03-04 13:38:00,2026-03-04,300142.XSHE,buy_attempt_fill,100,11.32,1132.0,0.0,,,,300142.XSHE-FTB-00027,,day0,
2026-03-04 13:47:00,2026-03-04,300142.XSHE,buy_attempt_fill,100,11.33,1133.0,0.0,,,,300142.XSHE-FTB-00028,,day0,
2026-03-04 14:07:00,2026-03-04,300142.XSHE,buy_attempt_fill,100,11.33,1133.0,0.0,,,,300142.XSHE-FTB-00029,,day0,
2026-03-04 14:12:00,2026-03-04,300122.XSHE,buy_attempt_fill,100,15.64,1564.0,0.0,,,,300122.XSHE-FTB-00030,,day1_plus,
2026-03-04 14:12:00,2026-03-04,600315.XSHG,buy_attempt_fill,100,20.71,2071.0,0.0,,,,600315.XSHG-FTB-00031,,day1_plus,
2026-03-04 15:30:00,2026-03-04,600887.XSHG,carryover_batch_created,100,25.67,2567.0,0.0,,600887.XSHG-B00032,,,,day1_plus,pending forward buys merged into new batch
2026-03-04 15:30:00,2026-03-04,600315.XSHG,carryover_batch_created,300,21.006666666666668,6302.0,0.0,,600315.XSHG-B00034,,,,day1_plus,pending forward buys merged into new batch
2026-03-04 15:30:00,2026-03-04,600138.XSHG,carryover_batch_created,100,9.44,944.0,0.0,,600138.XSHG-B00036,,,,day0,pending forward buys merged into new batch
2026-03-04 15:30:00,2026-03-04,600161.XSHG,carryover_batch_created,100,15.76,1576.0,0.0,,600161.XSHG-B00046,,,,day1_plus,pending forward buys merged into new batch
2026-03-04 15:30:00,2026-03-04,300122.XSHE,carryover_batch_created,200,15.755,3151.0,0.0,,300122.XSHE-B00047,,,,day1_plus,pending forward buys merged into new batch
2026-03-04 15:30:00,2026-03-04,300142.XSHE,carryover_batch_created,800,11.3575,9086.0,0.0,,300142.XSHE-B00048,,,,day0,pending forward buys merged into new batch
2026-03-04 15:30:00,2026-03-04,600000.XSHG,carryover_batch_created,300,9.536666666666667,2861.0,0.0,,600000.XSHG-B00056,,,,day1_plus,pending forward buys merged into new batch
2026-03-05 09:38:00,2026-03-05,300122.XSHE,buy_attempt_fill,100,15.73,1573.0,0.0,,,,300122.XSHE-FTB-00032,,day1_plus,
2026-03-05 09:39:00,2026-03-05,300142.XSHE,buy_attempt_fill,100,11.47,1147.0,0.0,,,,300142.XSHE-FTB-00033,,day1_plus,
2026-03-05 09:45:00,2026-03-05,600887.XSHG,buy_attempt_fill,100,25.88,2588.0,0.0,,,,600887.XSHG-FTB-00034,,day1_plus,
2026-03-05 09:47:00,2026-03-05,600030.XSHG,buy_attempt_fill,100,26.28,2628.0,0.0,,,,600030.XSHG-FTB-00035,,day0,
2026-03-05 09:52:00,2026-03-05,600085.XSHG,buy_attempt_fill,100,29.81,2981.0,0.0,,,,600085.XSHG-FTB-00036,,day1_plus,
2026-03-05 09:54:00,2026-03-05,600315.XSHG,buy_attempt_fill,100,20.74,2074.0,0.0,,,,600315.XSHG-FTB-00037,,day1_plus,
2026-03-05 10:03:00,2026-03-05,600016.XSHG,buy_attempt_fill,200,3.84,768.0,0.0,,,,600016.XSHG-FTB-00038,,day0,
2026-03-05 10:04:00,2026-03-05,600138.XSHG,buy_attempt_fill,100,9.41,941.0,0.0,,,,600138.XSHG-FTB-00039,,day1_plus,
2026-03-05 10:12:00,2026-03-05,600000.XSHG,buy_attempt_fill,100,9.62,961.9999999999999,0.0,,,,600000.XSHG-FTB-00040,,day1_plus,
2026-03-05 10:38:00,2026-03-05,600016.XSHG,buy_attempt_fill,200,3.84,768.0,0.0,,,,600016.XSHG-FTB-00041,,day0,
2026-03-05 10:44:00,2026-03-05,600000.XSHG,buy_attempt_fill,100,9.67,967.0,0.0,,,,600000.XSHG-FTB-00042,,day1_plus,
2026-03-05 11:23:00,2026-03-05,600000.XSHG,buy_attempt_fill,100,9.71,971.0000000000001,0.0,,,,600000.XSHG-FTB-00043,,day1_plus,
2026-03-05 13:02:00,2026-03-05,300142.XSHE,buy_attempt_fill,100,11.47,1147.0,0.0,,,,300142.XSHE-FTB-00044,,day1_plus,
2026-03-05 13:03:00,2026-03-05,300122.XSHE,buy_attempt_fill,100,15.75,1575.0,0.0,,,,300122.XSHE-FTB-00045,,day1_plus,
2026-03-05 13:38:00,2026-03-05,300122.XSHE,buy_attempt_fill,100,15.75,1575.0,0.0,,,,300122.XSHE-FTB-00046,,day1_plus,
2026-03-05 14:07:00,2026-03-05,600315.XSHG,buy_attempt_fill,100,20.61,2061.0,0.0,,,,600315.XSHG-FTB-00047,,day1_plus,
2026-03-05 14:11:00,2026-03-05,600161.XSHG,buy_attempt_fill,100,15.64,1564.0,0.0,,,,600161.XSHG-FTB-00048,,day1_plus,
2026-03-05 15:30:00,2026-03-05,600887.XSHG,carryover_batch_created,100,25.88,2588.0,0.0,,600887.XSHG-B00060,,,,day1_plus,pending forward buys merged into new batch
2026-03-05 15:30:00,2026-03-05,600315.XSHG,carryover_batch_created,200,20.675,4135.0,0.0,,600315.XSHG-B00062,,,,day1_plus,pending forward buys merged into new batch
2026-03-05 15:30:00,2026-03-05,600138.XSHG,carryover_batch_created,100,9.41,941.0,0.0,,600138.XSHG-B00064,,,,day1_plus,pending forward buys merged into new batch
2026-03-05 15:30:00,2026-03-05,600085.XSHG,carryover_batch_created,100,29.81,2981.0,0.0,,600085.XSHG-B00071,,,,day1_plus,pending forward buys merged into new batch
2026-03-05 15:30:00,2026-03-05,600161.XSHG,carryover_batch_created,100,15.64,1564.0,0.0,,600161.XSHG-B00074,,,,day1_plus,pending forward buys merged into new batch
2026-03-05 15:30:00,2026-03-05,300122.XSHE,carryover_batch_created,300,15.743333333333334,4723.0,0.0,,300122.XSHE-B00075,,,,day1_plus,pending forward buys merged into new batch
2026-03-05 15:30:00,2026-03-05,300142.XSHE,carryover_batch_created,200,11.47,2294.0,0.0,,300142.XSHE-B00076,,,,day1_plus,pending forward buys merged into new batch
2026-03-05 15:30:00,2026-03-05,600030.XSHG,carryover_batch_created,100,26.28,2628.0,0.0,,600030.XSHG-B00081,,,,day0,pending forward buys merged into new batch
2026-03-05 15:30:00,2026-03-05,600016.XSHG,carryover_batch_created,400,3.84,1536.0,0.0,,600016.XSHG-B00083,,,,day0,pending forward buys merged into new batch
2026-03-05 15:30:00,2026-03-05,600000.XSHG,carryover_batch_created,300,9.666666666666666,2900.0,0.0,,600000.XSHG-B00084,,,,day1_plus,pending forward buys merged into new batch
2026-03-06 09:39:00,2026-03-06,300142.XSHE,buy_attempt_fill,100,11.41,1141.0,0.0,,,,300142.XSHE-FTB-00049,,day1_plus,
2026-03-06 09:40:00,2026-03-06,600000.XSHG,buy_attempt_fill,100,9.73,973.0,0.0,,,,600000.XSHG-FTB-00050,,day1_plus,
2026-03-06 09:43:00,2026-03-06,300122.XSHE,buy_attempt_fill,100,15.8,1580.0,0.0,,,,300122.XSHE-FTB-00051,,day1_plus,
2026-03-06 09:44:00,2026-03-06,600000.XSHG,buy_attempt_fill,100,9.72,972.0000000000001,0.0,,,,600000.XSHG-FTB-00052,,day1_plus,
2026-03-06 09:44:00,2026-03-06,300142.XSHE,buy_attempt_fill,100,11.47,1147.0,0.0,,,,300142.XSHE-FTB-00053,,day1_plus,
2026-03-06 09:44:00,2026-03-06,600016.XSHG,buy_attempt_fill,200,3.84,768.0,0.0,,,,600016.XSHG-FTB-00054,,day1_plus,
2026-03-06 09:54:00,2026-03-06,600000.XSHG,buy_attempt_fill,100,9.73,973.0,0.0,,,,600000.XSHG-FTB-00055,,day1_plus,
2026-03-06 09:55:00,2026-03-06,600315.XSHG,buy_attempt_fill,100,20.48,2048.0,0.0,,,,600315.XSHG-FTB-00056,,day1_plus,
2026-03-06 09:58:00,2026-03-06,300122.XSHE,buy_attempt_fill,100,15.87,1587.0,0.0,,,,300122.XSHE-FTB-00057,,day1_plus,
2026-03-06 09:59:00,2026-03-06,600887.XSHG,buy_attempt_fill,100,25.82,2582.0,0.0,,,,600887.XSHG-FTB-00058,,day1_plus,
2026-03-06 10:07:00,2026-03-06,600016.XSHG,buy_attempt_fill,200,3.84,768.0,0.0,,,,600016.XSHG-FTB-00059,,day1_plus,
2026-03-06 10:10:00,2026-03-06,300122.XSHE,forward_t_success,100,16.07,1607.0,21.196499999999958,,,,300122.XSHE-FTB-00051,,day1_plus,buy_avg=15.8000
2026-03-06 10:10:00,2026-03-06,300142.XSHE,forward_t_success,100,11.63,1163.0,16.418500000000066,,,,300142.XSHE-FTB-00049,,day1_plus,buy_avg=11.4100
2026-03-06 10:14:00,2026-03-06,600315.XSHG,buy_attempt_fill,100,20.44,2044.0000000000002,0.0,,,,600315.XSHG-FTB-00060,,day1_plus,
2026-03-06 10:18:00,2026-03-06,300122.XSHE,buy_attempt_fill,100,16.02,1602.0,0.0,,,,300122.XSHE-FTB-00061,,day1_plus,
2026-03-06 11:02:00,2026-03-06,600000.XSHG,buy_attempt_fill,100,9.77,977.0,0.0,,,,600000.XSHG-FTB-00062,,day1_plus,
2026-03-06 13:02:00,2026-03-06,600161.XSHG,buy_attempt_fill,100,15.75,1575.0,0.0,,,,600161.XSHG-FTB-00063,,day1_plus,
2026-03-06 13:04:00,2026-03-06,600000.XSHG,buy_attempt_fill,100,9.78,977.9999999999999,0.0,,,,600000.XSHG-FTB-00064,,day1_plus,
2026-03-06 13:39:00,2026-03-06,600030.XSHG,buy_attempt_fill,100,26.32,2632.0,0.0,,,,600030.XSHG-FTB-00065,,day1_plus,
2026-03-06 13:54:00,2026-03-06,300142.XSHE,forward_t_success,100,11.67,1167.0,14.416499999999928,,,,300142.XSHE-FTB-00053,,day1_plus,buy_avg=11.4700
2026-03-06 14:17:00,2026-03-06,600315.XSHG,buy_attempt_fill,100,20.5,2050.0,0.0,,,,600315.XSHG-FTB-00066,,day1_plus,
2026-03-06 14:48:00,2026-03-06,600315.XSHG,buy_attempt_fill,100,20.5,2050.0,0.0,,,,600315.XSHG-FTB-00067,,day1_plus,
2026-03-06 15:30:00,2026-03-06,600887.XSHG,carryover_batch_created,100,25.82,2582.0,0.0,,600887.XSHG-B00088,,,,day1_plus,pending forward buys merged into new batch
2026-03-06 15:30:00,2026-03-06,600315.XSHG,carryover_batch_created,400,20.48,8192.0,0.0,,600315.XSHG-B00090,,,,day1_plus,pending forward buys merged into new batch
2026-03-06 15:30:00,2026-03-06,600161.XSHG,carryover_batch_created,100,15.75,1575.0,0.0,,600161.XSHG-B00102,,,,day1_plus,pending forward buys merged into new batch
2026-03-06 15:30:00,2026-03-06,300122.XSHE,carryover_batch_created,200,15.945,3189.0,0.0,,300122.XSHE-B00103,,,,day1_plus,pending forward buys merged into new batch
2026-03-06 15:30:00,2026-03-06,600030.XSHG,carryover_batch_created,100,26.32,2632.0,0.0,,600030.XSHG-B00109,,,,day1_plus,pending forward buys merged into new batch
2026-03-06 15:30:00,2026-03-06,600016.XSHG,carryover_batch_created,400,3.84,1536.0,0.0,,600016.XSHG-B00111,,,,day1_plus,pending forward buys merged into new batch
2026-03-06 15:30:00,2026-03-06,600000.XSHG,carryover_batch_created,500,9.746,4873.0,0.0,,600000.XSHG-B00112,,,,day1_plus,pending forward buys merged into new batch
2026-03-09 09:44:00,2026-03-09,600161.XSHG,buy_attempt_fill,100,15.92,1592.0,0.0,,,,600161.XSHG-FTB-00068,,day1_plus,
2026-03-09 09:44:00,2026-03-09,600016.XSHG,buy_attempt_fill,200,3.85,770.0,0.0,,,,600016.XSHG-FTB-00069,,day1_plus,
2026-03-09 09:44:00,2026-03-09,300142.XSHE,buy_attempt_fill,100,11.58,1158.0,0.0,,,,300142.XSHE-FTB-00070,,day1_plus,
2026-03-09 09:48:00,2026-03-09,300122.XSHE,buy_attempt_fill,100,16.03,1603.0,0.0,,,,300122.XSHE-FTB-00071,,day1_plus,
2026-03-09 09:48:00,2026-03-09,600000.XSHG,buy_attempt_fill,100,9.86,986.0,0.0,,,,600000.XSHG-FTB-00072,,day1_plus,
2026-03-09 09:48:00,2026-03-09,300142.XSHE,buy_attempt_fill,100,11.61,1161.0,0.0,,,,300142.XSHE-FTB-00073,,day1_plus,
2026-03-09 09:49:00,2026-03-09,600887.XSHG,buy_attempt_fill,100,25.88,2588.0,0.0,,,,600887.XSHG-FTB-00074,,day1_plus,
2026-03-09 09:54:00,2026-03-09,600000.XSHG,buy_attempt_fill,100,9.93,993.0,0.0,,,,600000.XSHG-FTB-00075,,day1_plus,
2026-03-09 09:55:00,2026-03-09,600315.XSHG,buy_attempt_fill,100,19.46,1946.0,0.0,,,,600315.XSHG-FTB-00076,,day1_plus,
2026-03-09 09:56:00,2026-03-09,300122.XSHE,buy_attempt_fill,100,16.15,1614.9999999999998,0.0,,,,300122.XSHE-FTB-00077,,day1_plus,
2026-03-09 09:57:00,2026-03-09,600138.XSHG,buy_attempt_fill,100,9.4,940.0,0.0,,,,600138.XSHG-FTB-00078,,day1_plus,
2026-03-09 09:57:00,2026-03-09,300142.XSHE,buy_attempt_fill,100,11.64,1164.0,0.0,,,,300142.XSHE-FTB-00079,,day1_plus,
2026-03-09 09:58:00,2026-03-09,600161.XSHG,buy_attempt_fill,100,15.94,1594.0,0.0,,,,600161.XSHG-FTB-00080,,day1_plus,
2026-03-09 09:59:00,2026-03-09,600016.XSHG,buy_attempt_fill,200,3.87,774.0,0.0,,,,600016.XSHG-FTB-00081,,day1_plus,
2026-03-09 10:08:00,2026-03-09,300142.XSHE,buy_attempt_fill,100,11.62,1162.0,0.0,,,,300142.XSHE-FTB-00082,,day1_plus,
2026-03-09 10:20:00,2026-03-09,300122.XSHE,forward_t_success,100,16.3,1630.0,21.184999999999956,,,,300122.XSHE-FTB-00071,,day1_plus,buy_avg=16.0300
2026-03-09 10:28:00,2026-03-09,300122.XSHE,buy_attempt_fill,100,16.25,1625.0,0.0,,,,300122.XSHE-FTB-00083,,day1_plus,
2026-03-09 11:02:00,2026-03-09,600016.XSHG,buy_attempt_fill,200,3.87,774.0,0.0,,,,600016.XSHG-FTB-00084,,day1_plus,
2026-03-09 11:24:00,2026-03-09,300142.XSHE,forward_t_success,100,11.83,1183.0,21.9085,,,,300142.XSHE-FTB-00070,,day1_plus,buy_avg=11.5800
2026-03-09 11:24:00,2026-03-09,300142.XSHE,forward_t_success,100,11.83,1183.0,18.908500000000064,,,,300142.XSHE-FTB-00073,,day1_plus,buy_avg=11.6100
2026-03-09 13:01:00,2026-03-09,300142.XSHE,buy_attempt_fill,100,11.76,1176.0,0.0,,,,300142.XSHE-FTB-00085,,day1_plus,
2026-03-09 13:29:00,2026-03-09,600887.XSHG,forward_t_success,100,26.35,2635.0,40.68250000000024,,,,600887.XSHG-FTB-00074,,day1_plus,buy_avg=25.8800
2026-03-09 13:43:00,2026-03-09,600887.XSHG,buy_attempt_fill,100,26.2,2620.0,0.0,,,,600887.XSHG-FTB-00086,,day1_plus,
2026-03-09 14:03:00,2026-03-09,300142.XSHE,forward_t_success,100,11.84,1184.0,16.408000000000065,,,,300142.XSHE-FTB-00082,,day1_plus,buy_avg=11.6200
2026-03-09 14:37:00,2026-03-09,600161.XSHG,buy_attempt_fill,100,16.03,1603.0,0.0,,,,600161.XSHG-FTB-00087,,day1_plus,
2026-03-09 15:30:00,2026-03-09,600887.XSHG,carryover_batch_created,100,26.2,2620.0,0.0,,600887.XSHG-B00116,,,,day1_plus,pending forward buys merged into new batch
2026-03-09 15:30:00,2026-03-09,600315.XSHG,carryover_batch_created,100,19.46,1946.0,0.0,,600315.XSHG-B00118,,,,day1_plus,pending forward buys merged into new batch
2026-03-09 15:30:00,2026-03-09,600138.XSHG,carryover_batch_created,100,9.4,940.0,0.0,,600138.XSHG-B00120,,,,day1_plus,pending forward buys merged into new batch
2026-03-09 15:30:00,2026-03-09,600161.XSHG,carryover_batch_created,300,15.963333333333333,4789.0,0.0,,600161.XSHG-B00130,,,,day1_plus,pending forward buys merged into new batch
2026-03-09 15:30:00,2026-03-09,300122.XSHE,carryover_batch_created,200,16.2,3240.0,0.0,,300122.XSHE-B00131,,,,day1_plus,pending forward buys merged into new batch
2026-03-09 15:30:00,2026-03-09,300142.XSHE,carryover_batch_created,200,11.7,2340.0,0.0,,300142.XSHE-B00132,,,,day1_plus,pending forward buys merged into new batch
2026-03-09 15:30:00,2026-03-09,600016.XSHG,carryover_batch_created,600,3.8633333333333333,2318.0,0.0,,600016.XSHG-B00139,,,,day1_plus,pending forward buys merged into new batch
2026-03-09 15:30:00,2026-03-09,600000.XSHG,carryover_batch_created,200,9.895,1979.0,0.0,,600000.XSHG-B00140,,,,day1_plus,pending forward buys merged into new batch
2026-03-10 09:43:00,2026-03-10,300142.XSHE,buy_attempt_fill,100,11.96,1196.0,0.0,,,,300142.XSHE-FTB-00088,,day1_plus,
2026-03-10 09:47:00,2026-03-10,600030.XSHG,buy_attempt_fill,100,26.08,2608.0,0.0,,,,600030.XSHG-FTB-00089,,day1_plus,
2026-03-10 09:47:00,2026-03-10,300122.XSHE,buy_attempt_fill,100,16.22,1622.0,0.0,,,,300122.XSHE-FTB-00090,,day1_plus,
2026-03-10 10:18:00,2026-03-10,600016.XSHG,buy_attempt_fill,200,3.91,782.0,0.0,,,,600016.XSHG-FTB-00091,,day1_plus,
2026-03-10 10:32:00,2026-03-10,600000.XSHG,buy_attempt_fill,100,9.86,986.0,0.0,,,,600000.XSHG-FTB-00092,,day1_plus,
2026-03-10 10:48:00,2026-03-10,600887.XSHG,buy_attempt_fill,100,26.37,2637.0,0.0,,,,600887.XSHG-FTB-00093,,day1_plus,
2026-03-10 13:12:00,2026-03-10,600000.XSHG,buy_attempt_fill,100,9.93,993.0,0.0,,,,600000.XSHG-FTB-00094,,day1_plus,
2026-03-10 15:30:00,2026-03-10,600887.XSHG,carryover_batch_created,100,26.37,2637.0,0.0,,600887.XSHG-B00144,,,,day1_plus,pending forward buys merged into new batch
2026-03-10 15:30:00,2026-03-10,300122.XSHE,carryover_batch_created,100,16.22,1622.0,0.0,,300122.XSHE-B00159,,,,day1_plus,pending forward buys merged into new batch
2026-03-10 15:30:00,2026-03-10,300142.XSHE,carryover_batch_created,100,11.96,1196.0,0.0,,300142.XSHE-B00160,,,,day1_plus,pending forward buys merged into new batch
2026-03-10 15:30:00,2026-03-10,600030.XSHG,carryover_batch_created,100,26.08,2608.0,0.0,,600030.XSHG-B00165,,,,day1_plus,pending forward buys merged into new batch
2026-03-10 15:30:00,2026-03-10,600016.XSHG,carryover_batch_created,200,3.91,782.0,0.0,,600016.XSHG-B00167,,,,day1_plus,pending forward buys merged into new batch
2026-03-10 15:30:00,2026-03-10,600000.XSHG,carryover_batch_created,200,9.895,1979.0,0.0,,600000.XSHG-B00168,,,,day1_plus,pending forward buys merged into new batch
2026-03-11 09:40:00,2026-03-11,600000.XSHG,buy_attempt_fill,100,9.88,988.0000000000001,0.0,,,,600000.XSHG-FTB-00095,,day1_plus,
2026-03-11 11:20:00,2026-03-11,600000.XSHG,forward_t_success,100,10.07,1007.0,13.496499999999951,,,,600000.XSHG-FTB-00095,,day1_plus,buy_avg=9.8800
2026-03-11 13:27:00,2026-03-11,300122.XSHE,buy_attempt_fill,100,16.14,1614.0,0.0,,,,300122.XSHE-FTB-00096,,day1_plus,
2026-03-11 13:27:00,2026-03-11,300142.XSHE,buy_attempt_fill,100,11.88,1188.0,0.0,,,,300142.XSHE-FTB-00097,,day1_plus,
2026-03-11 13:52:00,2026-03-11,600161.XSHG,buy_attempt_fill,100,16.07,1607.0,0.0,,,,600161.XSHG-FTB-00098,,day1_plus,
2026-03-11 15:30:00,2026-03-11,600161.XSHG,carryover_batch_created,100,16.07,1607.0,0.0,,600161.XSHG-B00186,,,,day1_plus,pending forward buys merged into new batch
2026-03-11 15:30:00,2026-03-11,300122.XSHE,carryover_batch_created,100,16.14,1614.0,0.0,,300122.XSHE-B00187,,,,day1_plus,pending forward buys merged into new batch
2026-03-11 15:30:00,2026-03-11,300142.XSHE,carryover_batch_created,100,11.88,1188.0,0.0,,300142.XSHE-B00188,,,,day1_plus,pending forward buys merged into new batch
2026-03-12 09:47:00,2026-03-12,300142.XSHE,buy_attempt_fill,100,11.92,1192.0,0.0,,,,300142.XSHE-FTB-00099,,day1_plus,
2026-03-12 13:08:00,2026-03-12,300142.XSHE,buy_attempt_fill,100,11.86,1186.0,0.0,,,,300142.XSHE-FTB-00100,,day1_plus,
2026-03-12 13:09:00,2026-03-12,300122.XSHE,buy_attempt_fill,100,16.33,1632.9999999999998,0.0,,,,300122.XSHE-FTB-00101,,day1_plus,
2026-03-12 13:13:00,2026-03-12,300122.XSHE,buy_attempt_fill,100,16.4,1639.9999999999998,0.0,,,,300122.XSHE-FTB-00102,,day1_plus,
2026-03-12 13:13:00,2026-03-12,300142.XSHE,buy_attempt_fill,100,11.94,1194.0,0.0,,,,300142.XSHE-FTB-00103,,day1_plus,
2026-03-12 13:13:00,2026-03-12,300122.XSHE,forward_t_success,100,16.4,1639.9999999999998,1.1800000000000281,,,,300122.XSHE-FTB-00101,,day1_plus,buy_avg=16.3300
2026-03-12 13:19:00,2026-03-12,300142.XSHE,buy_attempt_fill,100,12.16,1216.0,0.0,,,,300142.XSHE-FTB-00104,,day1_plus,
2026-03-12 13:19:00,2026-03-12,300142.XSHE,forward_t_success,100,12.16,1216.0,27.725333333333403,,,,300142.XSHE-FTB-00100,,day1_plus,buy_avg=11.8600
2026-03-12 13:19:00,2026-03-12,300142.XSHE,forward_t_success,100,12.16,1216.0,21.725333333333353,,,,300142.XSHE-FTB-00099,,day1_plus,buy_avg=11.9200
2026-03-12 13:19:00,2026-03-12,300142.XSHE,forward_t_success,100,12.16,1216.0,19.725333333333396,,,,300142.XSHE-FTB-00103,,day1_plus,buy_avg=11.9400
2026-03-12 13:20:00,2026-03-12,300122.XSHE,forward_t_success,100,16.73,1673.0,27.163500000000184,,,,300122.XSHE-FTB-00102,,day1_plus,buy_avg=16.4000
2026-03-12 13:24:00,2026-03-12,300122.XSHE,buy_attempt_fill,100,16.66,1666.0,0.0,,,,300122.XSHE-FTB-00105,,day1_plus,
2026-03-12 13:24:00,2026-03-12,300142.XSHE,buy_attempt_fill,100,12.16,1216.0,0.0,,,,300142.XSHE-FTB-00106,,day1_plus,
2026-03-12 15:30:00,2026-03-12,300122.XSHE,carryover_batch_created,100,16.66,1666.0,0.0,,300122.XSHE-B00215,,,,day1_plus,pending forward buys merged into new batch
2026-03-12 15:30:00,2026-03-12,300142.XSHE,carryover_batch_created,200,12.16,2432.0,0.0,,300142.XSHE-B00216,,,,day1_plus,pending forward buys merged into new batch
2026-03-13 09:40:00,2026-03-13,300122.XSHE,buy_attempt_fill,100,16.23,1623.0,0.0,,,,300122.XSHE-FTB-00107,,day1_plus,
2026-03-13 09:40:00,2026-03-13,600000.XSHG,buy_attempt_fill,100,10.13,1013.0000000000001,0.0,,,,600000.XSHG-FTB-00108,,day1_plus,
2026-03-13 10:32:00,2026-03-13,600887.XSHG,buy_attempt_fill,100,26.71,2671.0,0.0,,,,600887.XSHG-FTB-00109,,day1_plus,
2026-03-13 11:09:00,2026-03-13,600000.XSHG,forward_t_success,100,10.32,1032.0,13.48399999999995,,,,600000.XSHG-FTB-00108,,day1_plus,buy_avg=10.1300
2026-03-13 11:17:00,2026-03-13,300122.XSHE,buy_attempt_fill,100,16.31,1630.9999999999998,0.0,,,,300122.XSHE-FTB-00110,,day1_plus,
2026-03-13 13:23:00,2026-03-13,600000.XSHG,buy_attempt_fill,100,10.34,1034.0,0.0,,,,600000.XSHG-FTB-00111,,day1_plus,
2026-03-13 13:57:00,2026-03-13,600138.XSHG,buy_attempt_fill,100,9.52,952.0,0.0,,,,600138.XSHG-FTB-00112,,day1_plus,
2026-03-13 14:02:00,2026-03-13,600887.XSHG,buy_attempt_fill,100,26.73,2673.0,0.0,,,,600887.XSHG-FTB-00113,,day1_plus,
2026-03-13 14:22:00,2026-03-13,600030.XSHG,buy_attempt_fill,100,25.79,2579.0,0.0,,,,600030.XSHG-FTB-00114,,day1_plus,
2026-03-13 15:30:00,2026-03-13,600887.XSHG,carryover_batch_created,200,26.72,5344.0,0.0,,600887.XSHG-B00228,,,,day1_plus,pending forward buys merged into new batch
2026-03-13 15:30:00,2026-03-13,600138.XSHG,carryover_batch_created,100,9.52,952.0,0.0,,600138.XSHG-B00232,,,,day1_plus,pending forward buys merged into new batch
2026-03-13 15:30:00,2026-03-13,300122.XSHE,carryover_batch_created,200,16.27,3254.0,0.0,,300122.XSHE-B00243,,,,day1_plus,pending forward buys merged into new batch
2026-03-13 15:30:00,2026-03-13,600030.XSHG,carryover_batch_created,100,25.79,2579.0,0.0,,600030.XSHG-B00249,,,,day1_plus,pending forward buys merged into new batch
2026-03-13 15:30:00,2026-03-13,600000.XSHG,carryover_batch_created,100,10.34,1034.0,0.0,,600000.XSHG-B00252,,,,day1_plus,pending forward buys merged into new batch
2026-03-16 09:38:00,2026-03-16,600138.XSHG,buy_attempt_fill,100,9.47,947.0000000000001,0.0,,,,600138.XSHG-FTB-00115,,day1_plus,
2026-03-16 09:44:00,2026-03-16,600315.XSHG,exit_sell,100,21.64,2164.0,211.91799999999998,short,600315.XSHG-B00118,600315.XSHG-B00118:short,,take_profit,exit,expected_exit_price=21.4060
2026-03-16 09:48:00,2026-03-16,600887.XSHG,buy_attempt_fill,100,26.76,2676.0,0.0,,,,600887.XSHG-FTB-00116,,day1_plus,
2026-03-16 09:49:00,2026-03-16,600000.XSHG,buy_attempt_fill,100,10.22,1022.0000000000001,0.0,,,,600000.XSHG-FTB-00117,,day1_plus,
2026-03-16 09:58:00,2026-03-16,300122.XSHE,buy_attempt_fill,100,16.34,1634.0,0.0,,,,300122.XSHE-FTB-00118,,day1_plus,
2026-03-16 09:58:00,2026-03-16,600161.XSHG,buy_attempt_fill,100,16.04,1604.0,0.0,,,,600161.XSHG-FTB-00119,,day1_plus,
2026-03-16 10:32:00,2026-03-16,300122.XSHE,buy_attempt_fill,100,16.39,1639.0,0.0,,,,300122.XSHE-FTB-00120,,day1_plus,
2026-03-16 10:33:00,2026-03-16,600138.XSHG,buy_attempt_fill,100,9.48,948.0,0.0,,,,600138.XSHG-FTB-00121,,day1_plus,
2026-03-16 10:52:00,2026-03-16,600030.XSHG,buy_attempt_fill,100,25.38,2538.0,0.0,,,,600030.XSHG-FTB-00122,,day1_plus,
2026-03-16 10:52:00,2026-03-16,600161.XSHG,buy_attempt_fill,100,16.07,1607.0,0.0,,,,600161.XSHG-FTB-00123,,day1_plus,
2026-03-16 10:54:00,2026-03-16,600085.XSHG,buy_attempt_fill,100,30.18,3018.0,0.0,,,,600085.XSHG-FTB-00124,,day1_plus,
2026-03-16 13:13:00,2026-03-16,600887.XSHG,buy_attempt_fill,100,26.78,2678.0,0.0,,,,600887.XSHG-FTB-00125,,day1_plus,
2026-03-16 13:22:00,2026-03-16,300122.XSHE,buy_attempt_fill,100,16.33,1632.9999999999998,0.0,,,,300122.XSHE-FTB-00126,,day1_plus,
2026-03-16 15:30:00,2026-03-16,600887.XSHG,carryover_batch_created,200,26.77,5354.0,0.0,,600887.XSHG-B00256,,,,day1_plus,pending forward buys merged into new batch
2026-03-16 15:30:00,2026-03-16,600138.XSHG,carryover_batch_created,200,9.475,1895.0,0.0,,600138.XSHG-B00260,,,,day1_plus,pending forward buys merged into new batch
2026-03-16 15:30:00,2026-03-16,600085.XSHG,carryover_batch_created,100,30.18,3018.0,0.0,,600085.XSHG-B00267,,,,day1_plus,pending forward buys merged into new batch
2026-03-16 15:30:00,2026-03-16,600161.XSHG,carryover_batch_created,200,16.055,3211.0,0.0,,600161.XSHG-B00270,,,,day1_plus,pending forward buys merged into new batch
2026-03-16 15:30:00,2026-03-16,300122.XSHE,carryover_batch_created,300,16.35333333333333,4905.999999999999,0.0,,300122.XSHE-B00271,,,,day1_plus,pending forward buys merged into new batch
2026-03-16 15:30:00,2026-03-16,600030.XSHG,carryover_batch_created,100,25.38,2538.0,0.0,,600030.XSHG-B00277,,,,day1_plus,pending forward buys merged into new batch
2026-03-16 15:30:00,2026-03-16,600000.XSHG,carryover_batch_created,100,10.22,1022.0000000000001,0.0,,600000.XSHG-B00280,,,,day1_plus,pending forward buys merged into new batch
2026-03-17 09:31:00,2026-03-17,600887.XSHG,exit_sell,100,26.84,2684.0,75.15800000000013,short,600887.XSHG-B00004,600887.XSHG-B00004:short,,breakeven_exit,exit,expected_exit_price=26.0250
2026-03-17 09:31:00,2026-03-17,600315.XSHG,exit_sell,100,21.59,2159.0,4.253833333333172,short,600315.XSHG-B00006,600315.XSHG-B00006:short,,breakeven_exit,exit,expected_exit_price=21.4867
2026-03-17 09:31:00,2026-03-17,300122.XSHE,exit_sell,100,16.39,1639.0,3.6804999999998866,short,300122.XSHE-B00019,300122.XSHE-B00019:short,,breakeven_exit,exit,expected_exit_price=16.2950
2026-03-17 09:31:00,2026-03-17,600000.XSHG,exit_sell,100,10.27,1027.0,51.48650000000003,short,600000.XSHG-B00028,600000.XSHG-B00028:short,,breakeven_exit,exit,expected_exit_price=9.7000
2026-03-17 10:17:00,2026-03-17,600085.XSHG,exit_sell,100,30.47,3047.0,-5.0234999999999435,short,600085.XSHG-B00015,600085.XSHG-B00015:short,,breakeven_exit,exit,expected_exit_price=30.4550
2026-03-17 10:27:00,2026-03-17,600161.XSHG,exit_sell,100,16.17,1617.0000000000002,-3.808499999999688,short,600161.XSHG-B00018,600161.XSHG-B00018:short,,breakeven_exit,exit,expected_exit_price=16.1500
2026-03-17 10:37:00,2026-03-17,600030.XSHG,buy_attempt_fill,100,26.35,2635.0,0.0,,,,600030.XSHG-FTB-00127,,day1_plus,
2026-03-17 10:37:00,2026-03-17,600000.XSHG,buy_attempt_fill,100,10.31,1031.0,0.0,,,,600000.XSHG-FTB-00128,,day1_plus,
2026-03-17 10:38:00,2026-03-17,300122.XSHE,buy_attempt_fill,100,16.52,1652.0,0.0,,,,300122.XSHE-FTB-00129,,day1_plus,
2026-03-17 11:12:00,2026-03-17,600138.XSHG,buy_attempt_fill,100,9.54,953.9999999999999,0.0,,,,600138.XSHG-FTB-00130,,day1_plus,
2026-03-17 13:03:00,2026-03-17,600000.XSHG,buy_attempt_fill,100,10.32,1032.0,0.0,,,,600000.XSHG-FTB-00131,,day1_plus,
2026-03-17 13:38:00,2026-03-17,600161.XSHG,buy_attempt_fill,100,16.07,1607.0,0.0,,,,600161.XSHG-FTB-00132,,day1_plus,
2026-03-17 13:39:00,2026-03-17,600085.XSHG,buy_attempt_fill,100,30.28,3028.0,0.0,,,,600085.XSHG-FTB-00133,,day1_plus,
2026-03-17 14:02:00,2026-03-17,600016.XSHG,buy_attempt_fill,200,3.93,786.0,0.0,,,,600016.XSHG-FTB-00134,,day1_plus,
2026-03-17 15:30:00,2026-03-17,600138.XSHG,carryover_batch_created,100,9.54,953.9999999999999,0.0,,600138.XSHG-B00288,,,,day1_plus,pending forward buys merged into new batch
2026-03-17 15:30:00,2026-03-17,600085.XSHG,carryover_batch_created,100,30.28,3028.0,0.0,,600085.XSHG-B00295,,,,day1_plus,pending forward buys merged into new batch
2026-03-17 15:30:00,2026-03-17,600161.XSHG,carryover_batch_created,100,16.07,1607.0,0.0,,600161.XSHG-B00298,,,,day1_plus,pending forward buys merged into new batch
2026-03-17 15:30:00,2026-03-17,300122.XSHE,carryover_batch_created,100,16.52,1652.0,0.0,,300122.XSHE-B00299,,,,day1_plus,pending forward buys merged into new batch
2026-03-17 15:30:00,2026-03-17,600030.XSHG,carryover_batch_created,100,26.35,2635.0,0.0,,600030.XSHG-B00305,,,,day1_plus,pending forward buys merged into new batch
2026-03-17 15:30:00,2026-03-17,600016.XSHG,carryover_batch_created,200,3.93,786.0,0.0,,600016.XSHG-B00307,,,,day1_plus,pending forward buys merged into new batch
2026-03-17 15:30:00,2026-03-17,600000.XSHG,carryover_batch_created,200,10.315,2063.0,0.0,,600000.XSHG-B00308,,,,day1_plus,pending forward buys merged into new batch
2026-03-18 09:31:00,2026-03-18,600887.XSHG,exit_sell,100,27.03,2703.0,129.64849999999996,short,600887.XSHG-B00032,600887.XSHG-B00032:short,,breakeven_exit,exit,expected_exit_price=25.6700
2026-03-18 09:31:00,2026-03-18,600315.XSHG,exit_sell,100,21.51,2151.0,44.25783333333339,short,600315.XSHG-B00034,600315.XSHG-B00034:short,,breakeven_exit,exit,expected_exit_price=21.0067
2026-03-18 09:31:00,2026-03-18,600138.XSHG,exit_sell,100,9.5,950.0,0.5250000000000501,short,600138.XSHG-B00036,600138.XSHG-B00036:short,,breakeven_exit,exit,expected_exit_price=9.4400
2026-03-18 09:31:00,2026-03-18,600161.XSHG,exit_sell,100,15.99,1599.0,17.20050000000004,short,600161.XSHG-B00046,600161.XSHG-B00046:short,,breakeven_exit,exit,expected_exit_price=15.7600
2026-03-18 09:31:00,2026-03-18,300122.XSHE,exit_sell,100,16.24,1623.9999999999998,42.68799999999977,short,300122.XSHE-B00047,300122.XSHE-B00047:short,,breakeven_exit,exit,expected_exit_price=15.7550
2026-03-18 09:31:00,2026-03-18,600000.XSHG,exit_sell,100,10.38,1038.0,78.81433333333337,short,600000.XSHG-B00056,600000.XSHG-B00056:short,,breakeven_exit,exit,expected_exit_price=9.5367
2026-03-18 09:52:00,2026-03-18,300122.XSHE,buy_attempt_fill,100,16.17,1617.0000000000002,0.0,,,,300122.XSHE-FTB-00135,,day1_plus,
2026-03-18 10:42:00,2026-03-18,300122.XSHE,buy_attempt_fill,100,16.15,1614.9999999999998,0.0,,,,300122.XSHE-FTB-00136,,day1_plus,
2026-03-18 10:59:00,2026-03-18,600161.XSHG,buy_attempt_fill,100,15.75,1575.0,0.0,,,,600161.XSHG-FTB-00137,,day1_plus,
2026-03-18 13:03:00,2026-03-18,600000.XSHG,buy_attempt_fill,100,10.34,1034.0,0.0,,,,600000.XSHG-FTB-00138,,day1_plus,
2026-03-18 13:52:00,2026-03-18,600030.XSHG,buy_attempt_fill,100,25.86,2586.0,0.0,,,,600030.XSHG-FTB-00139,,day1_plus,
2026-03-18 15:30:00,2026-03-18,600161.XSHG,carryover_batch_created,100,15.75,1575.0,0.0,,600161.XSHG-B00326,,,,day1_plus,pending forward buys merged into new batch
2026-03-18 15:30:00,2026-03-18,300122.XSHE,carryover_batch_created,200,16.16,3232.0,0.0,,300122.XSHE-B00327,,,,day1_plus,pending forward buys merged into new batch
2026-03-18 15:30:00,2026-03-18,600030.XSHG,carryover_batch_created,100,25.86,2586.0,0.0,,600030.XSHG-B00333,,,,day1_plus,pending forward buys merged into new batch
2026-03-18 15:30:00,2026-03-18,600000.XSHG,carryover_batch_created,100,10.34,1034.0,0.0,,600000.XSHG-B00336,,,,day1_plus,pending forward buys merged into new batch
2026-03-19 09:31:00,2026-03-19,600887.XSHG,exit_sell,100,26.66,2666.0,71.66700000000012,short,600887.XSHG-B00060,600887.XSHG-B00060:short,,breakeven_exit,exit,expected_exit_price=25.8800
2026-03-19 09:31:00,2026-03-19,600315.XSHG,exit_sell,100,21.62,2162.0,88.41900000000003,short,600315.XSHG-B00062,600315.XSHG-B00062:short,,breakeven_exit,exit,expected_exit_price=20.6750
2026-03-19 09:31:00,2026-03-19,600085.XSHG,exit_sell,100,29.98,2998.0,10.50100000000017,short,600085.XSHG-B00071,600085.XSHG-B00071:short,,breakeven_exit,exit,expected_exit_price=29.8100
2026-03-19 09:31:00,2026-03-19,600161.XSHG,exit_sell,100,15.75,1575.0,5.2124999999999435,short,600161.XSHG-B00074,600161.XSHG-B00074:short,,breakeven_exit,exit,expected_exit_price=15.6400
2026-03-19 09:31:00,2026-03-19,300122.XSHE,exit_sell,100,16.09,1609.0,28.862166666666578,short,300122.XSHE-B00075,300122.XSHE-B00075:short,,breakeven_exit,exit,expected_exit_price=15.7433
2026-03-19 09:31:00,2026-03-19,300142.XSHE,exit_sell,400,12.59,5036.0,485.48199999999997,short,300142.XSHE-B00048,300142.XSHE-B00048:short,,breakeven_exit,exit,expected_exit_price=11.3575
2026-03-19 09:31:00,2026-03-19,300142.XSHE,exit_sell,100,12.59,1259.0,106.37049999999991,short,300142.XSHE-B00076,300142.XSHE-B00076:short,,breakeven_exit,exit,expected_exit_price=11.4700
2026-03-19 09:31:00,2026-03-19,600016.XSHG,exit_sell,200,3.9,780.0,6.610000000000011,short,600016.XSHG-B00083,600016.XSHG-B00083:short,,breakeven_exit,exit,expected_exit_price=3.8400
2026-03-19 09:31:00,2026-03-19,600000.XSHG,exit_sell,100,10.32,1032.0,59.81733333333343,short,600000.XSHG-B00084,600000.XSHG-B00084:short,,breakeven_exit,exit,expected_exit_price=9.6667
2026-03-19 09:33:00,2026-03-19,300142.XSHE,exit_sell,100,13.0,1300.0,124.35000000000005,short,300142.XSHE-B00132,300142.XSHE-B00132:short,,take_profit,exit,expected_exit_price=12.8700
2026-03-19 09:34:00,2026-03-19,600138.XSHG,exit_sell,100,9.41,941.0,-5.4705,short,600138.XSHG-B00064,600138.XSHG-B00064:short,,breakeven_exit,exit,expected_exit_price=9.4100
2026-03-19 09:34:00,2026-03-19,300142.XSHE,exit_sell,100,13.13,1313.0,119.3435,short,300142.XSHE-B00188,300142.XSHE-B00188:short,,take_profit,exit,expected_exit_price=13.0680
2026-03-19 09:39:00,2026-03-19,000069.XSHE,buy_attempt_fill,400,2.36,944.0,0.0,,,,000069.XSHE-FTB-00140,,day0,
2026-03-19 09:42:00,2026-03-19,000069.XSHE,buy_attempt_fill,400,2.36,944.0,0.0,,,,000069.XSHE-FTB-00141,,day0,
2026-03-19 09:42:00,2026-03-19,600016.XSHG,buy_attempt_fill,200,3.89,778.0,0.0,,,,600016.XSHG-FTB-00142,,day1_plus,
2026-03-19 09:45:00,2026-03-19,000069.XSHE,buy_attempt_fill,400,2.36,944.0,0.0,,,,000069.XSHE-FTB-00143,,day0,
2026-03-19 09:45:00,2026-03-19,600016.XSHG,buy_attempt_fill,200,3.89,778.0,0.0,,,,600016.XSHG-FTB-00144,,day1_plus,
2026-03-19 10:08:00,2026-03-19,600887.XSHG,buy_attempt_fill,100,26.66,2666.0,0.0,,,,600887.XSHG-FTB-00145,,day1_plus,
2026-03-19 10:18:00,2026-03-19,000069.XSHE,buy_attempt_fill,400,2.34,936.0,0.0,,,,000069.XSHE-FTB-00146,,day0,
2026-03-19 10:28:00,2026-03-19,600000.XSHG,buy_attempt_fill,100,10.3,1030.0,0.0,,,,600000.XSHG-FTB-00147,,day1_plus,
2026-03-19 11:09:00,2026-03-19,600161.XSHG,buy_attempt_fill,100,15.75,1575.0,0.0,,,,600161.XSHG-FTB-00148,,day1_plus,
2026-03-19 11:19:00,2026-03-19,600000.XSHG,buy_attempt_fill,100,10.26,1026.0,0.0,,,,600000.XSHG-FTB-00149,,day1_plus,
2026-03-19 11:27:00,2026-03-19,300122.XSHE,buy_attempt_fill,100,15.9,1590.0,0.0,,,,300122.XSHE-FTB-00150,,day1_plus,
2026-03-19 13:49:00,2026-03-19,000069.XSHE,buy_attempt_fill,400,2.34,936.0,0.0,,,,000069.XSHE-FTB-00151,,day0,
2026-03-19 13:54:00,2026-03-19,600030.XSHG,buy_attempt_fill,100,25.56,2556.0,0.0,,,,600030.XSHG-FTB-00152,,day1_plus,
2026-03-19 13:58:00,2026-03-19,000069.XSHE,buy_attempt_fill,400,2.34,936.0,0.0,,,,000069.XSHE-FTB-00153,,day0,
2026-03-19 14:03:00,2026-03-19,600161.XSHG,buy_attempt_fill,100,15.78,1578.0,0.0,,,,600161.XSHG-FTB-00154,,day1_plus,
2026-03-19 14:16:00,2026-03-19,300122.XSHE,buy_attempt_fill,100,15.93,1593.0,0.0,,,,300122.XSHE-FTB-00155,,day1_plus,
2026-03-19 14:17:00,2026-03-19,600161.XSHG,buy_attempt_fill,100,15.9,1590.0,0.0,,,,600161.XSHG-FTB-00156,,day1_plus,
2026-03-19 14:23:00,2026-03-19,000069.XSHE,buy_attempt_fill,400,2.34,936.0,0.0,,,,000069.XSHE-FTB-00157,,day0,
2026-03-19 14:25:00,2026-03-19,000069.XSHE,buy_attempt_fill,400,2.34,936.0,0.0,,,,000069.XSHE-FTB-00158,,day0,
2026-03-19 14:46:00,2026-03-19,000069.XSHE,buy_attempt_fill,400,2.34,936.0,0.0,,,,000069.XSHE-FTB-00159,,day0,
2026-03-19 14:48:00,2026-03-19,600000.XSHG,buy_attempt_fill,100,10.32,1032.0,0.0,,,,600000.XSHG-FTB-00160,,day1_plus,
2026-03-19 15:30:00,2026-03-19,600887.XSHG,carryover_batch_created,100,26.66,2666.0,0.0,,600887.XSHG-B00340,,,,day1_plus,pending forward buys merged into new batch
2026-03-19 15:30:00,2026-03-19,000069.XSHE,carryover_batch_created,3600,2.3466666666666667,8448.0,0.0,,000069.XSHE-B00346,,,,day0,pending forward buys merged into new batch
2026-03-19 15:30:00,2026-03-19,600161.XSHG,carryover_batch_created,300,15.81,4743.0,0.0,,600161.XSHG-B00354,,,,day1_plus,pending forward buys merged into new batch
2026-03-19 15:30:00,2026-03-19,300122.XSHE,carryover_batch_created,200,15.915,3183.0,0.0,,300122.XSHE-B00355,,,,day1_plus,pending forward buys merged into new batch
2026-03-19 15:30:00,2026-03-19,600030.XSHG,carryover_batch_created,100,25.56,2556.0,0.0,,600030.XSHG-B00361,,,,day1_plus,pending forward buys merged into new batch
2026-03-19 15:30:00,2026-03-19,600016.XSHG,carryover_batch_created,400,3.89,1556.0,0.0,,600016.XSHG-B00363,,,,day1_plus,pending forward buys merged into new batch
2026-03-19 15:30:00,2026-03-19,600000.XSHG,carryover_batch_created,300,10.293333333333333,3088.0,0.0,,600000.XSHG-B00364,,,,day1_plus,pending forward buys merged into new batch
2026-03-20 09:31:00,2026-03-20,600887.XSHG,exit_sell,100,26.45,2645.0,56.6774999999999,short,600887.XSHG-B00088,600887.XSHG-B00088:short,,breakeven_exit,exit,expected_exit_price=25.8200
2026-03-20 09:31:00,2026-03-20,600315.XSHG,exit_sell,200,21.59,4318.0,214.8409999999999,short,600315.XSHG-B00090,600315.XSHG-B00090:short,,breakeven_exit,exit,expected_exit_price=20.4800
2026-03-20 09:31:00,2026-03-20,600161.XSHG,exit_sell,100,15.83,1583.0,2.208500000000007,short,600161.XSHG-B00102,600161.XSHG-B00102:short,,breakeven_exit,exit,expected_exit_price=15.7500
2026-03-20 09:31:00,2026-03-20,300122.XSHE,exit_sell,100,15.95,1595.0,-5.2975000000001,short,300122.XSHE-B00103,300122.XSHE-B00103:short,,breakeven_exit,exit,expected_exit_price=15.9450
2026-03-20 09:31:00,2026-03-20,600016.XSHG,exit_sell,200,3.86,772.0,-1.3859999999999966,short,600016.XSHG-B00111,600016.XSHG-B00111:short,,breakeven_exit,exit,expected_exit_price=3.8400
2026-03-20 09:31:00,2026-03-20,600000.XSHG,exit_sell,300,10.33,3099.0,168.65049999999988,short,600000.XSHG-B00112,600000.XSHG-B00112:short,,breakeven_exit,exit,expected_exit_price=9.7460
2026-03-20 09:42:00,2026-03-20,300122.XSHE,buy_attempt_fill,100,15.98,1598.0,0.0,,,,300122.XSHE-FTB-00161,,day1_plus,
2026-03-20 09:43:00,2026-03-20,600000.XSHG,buy_attempt_fill,100,10.37,1037.0,0.0,,,,600000.XSHG-FTB-00162,,day1_plus,
2026-03-20 09:48:00,2026-03-20,000069.XSHE,buy_attempt_fill,400,2.34,936.0,0.0,,,,000069.XSHE-FTB-00163,,day1_plus,
2026-03-20 09:50:00,2026-03-20,000069.XSHE,buy_attempt_fill,400,2.34,936.0,0.0,,,,000069.XSHE-FTB-00164,,day1_plus,
2026-03-20 09:55:00,2026-03-20,000069.XSHE,buy_attempt_fill,400,2.33,932.0,0.0,,,,000069.XSHE-FTB-00165,,day1_plus,
2026-03-20 10:00:00,2026-03-20,000069.XSHE,buy_attempt_fill,400,2.32,927.9999999999999,0.0,,,,000069.XSHE-FTB-00166,,day1_plus,
2026-03-20 10:02:00,2026-03-20,300122.XSHE,buy_attempt_fill,100,15.8,1580.0,0.0,,,,300122.XSHE-FTB-00167,,day1_plus,
2026-03-20 10:02:00,2026-03-20,600332.XSHG,buy_attempt_fill,100,25.27,2527.0,0.0,,,,600332.XSHG-FTB-00168,,day0,
2026-03-20 10:09:00,2026-03-20,600016.XSHG,buy_attempt_fill,200,3.86,772.0,0.0,,,,600016.XSHG-FTB-00169,,day1_plus,
2026-03-20 10:18:00,2026-03-20,600000.XSHG,buy_attempt_fill,100,10.38,1038.0,0.0,,,,600000.XSHG-FTB-00170,,day1_plus,
2026-03-20 11:18:00,2026-03-20,300122.XSHE,buy_attempt_fill,100,15.75,1575.0,0.0,,,,300122.XSHE-FTB-00171,,day1_plus,
2026-03-20 13:03:00,2026-03-20,000069.XSHE,buy_attempt_fill,400,2.32,927.9999999999999,0.0,,,,000069.XSHE-FTB-00172,,day1_plus,
2026-03-20 13:05:00,2026-03-20,000069.XSHE,buy_attempt_fill,400,2.32,927.9999999999999,0.0,,,,000069.XSHE-FTB-00173,,day1_plus,
2026-03-20 13:09:00,2026-03-20,600016.XSHG,buy_attempt_fill,200,3.85,770.0,0.0,,,,600016.XSHG-FTB-00174,,day1_plus,
2026-03-20 13:13:00,2026-03-20,600161.XSHG,buy_attempt_fill,100,15.71,1571.0,0.0,,,,600161.XSHG-FTB-00175,,day1_plus,
2026-03-20 13:19:00,2026-03-20,300122.XSHE,buy_attempt_fill,100,15.82,1582.0,0.0,,,,300122.XSHE-FTB-00176,,day1_plus,
2026-03-20 13:22:00,2026-03-20,600059.XSHG,buy_attempt_fill,100,9.09,909.0,0.0,,,,600059.XSHG-FTB-00177,,day0,
2026-03-20 13:24:00,2026-03-20,000069.XSHE,buy_attempt_fill,400,2.31,924.0,0.0,,,,000069.XSHE-FTB-00178,,day1_plus,
2026-03-20 13:28:00,2026-03-20,000069.XSHE,buy_attempt_fill,400,2.31,924.0,0.0,,,,000069.XSHE-FTB-00179,,day1_plus,
2026-03-20 13:37:00,2026-03-20,000069.XSHE,buy_attempt_fill,500,2.31,1155.0,0.0,,,,000069.XSHE-FTB-00180,,day1_plus,
2026-03-20 13:47:00,2026-03-20,600138.XSHG,buy_attempt_fill,100,9.3,930.0000000000001,0.0,,,,600138.XSHG-FTB-00181,,day1_plus,
2026-03-20 13:47:00,2026-03-20,600332.XSHG,buy_attempt_fill,100,25.26,2526.0,0.0,,,,600332.XSHG-FTB-00182,,day0,
2026-03-20 13:58:00,2026-03-20,600887.XSHG,buy_attempt_fill,100,26.54,2654.0,0.0,,,,600887.XSHG-FTB-00183,,day1_plus,
2026-03-20 14:12:00,2026-03-20,600030.XSHG,buy_attempt_fill,100,25.45,2545.0,0.0,,,,600030.XSHG-FTB-00184,,day1_plus,
2026-03-20 14:19:00,2026-03-20,300122.XSHE,buy_attempt_fill,100,15.73,1573.0,0.0,,,,300122.XSHE-FTB-00185,,day1_plus,
2026-03-20 15:30:00,2026-03-20,600059.XSHG,carryover_batch_created,100,9.09,909.0,0.0,,600059.XSHG-B00367,,,,day0,pending forward buys merged into new batch
2026-03-20 15:30:00,2026-03-20,600887.XSHG,carryover_batch_created,100,26.54,2654.0,0.0,,600887.XSHG-B00368,,,,day1_plus,pending forward buys merged into new batch
2026-03-20 15:30:00,2026-03-20,600138.XSHG,carryover_batch_created,100,9.3,930.0000000000001,0.0,,600138.XSHG-B00372,,,,day1_plus,pending forward buys merged into new batch
2026-03-20 15:30:00,2026-03-20,000069.XSHE,carryover_batch_created,3700,2.321891891891892,8591.0,0.0,,000069.XSHE-B00374,,,,day1_plus,pending forward buys merged into new batch
2026-03-20 15:30:00,2026-03-20,600332.XSHG,carryover_batch_created,200,25.265,5053.0,0.0,,600332.XSHG-B00380,,,,day0,pending forward buys merged into new batch
2026-03-20 15:30:00,2026-03-20,600161.XSHG,carryover_batch_created,100,15.71,1571.0,0.0,,600161.XSHG-B00382,,,,day1_plus,pending forward buys merged into new batch
2026-03-20 15:30:00,2026-03-20,300122.XSHE,carryover_batch_created,500,15.816,7908.0,0.0,,300122.XSHE-B00383,,,,day1_plus,pending forward buys merged into new batch
2026-03-20 15:30:00,2026-03-20,600030.XSHG,carryover_batch_created,100,25.45,2545.0,0.0,,600030.XSHG-B00389,,,,day1_plus,pending forward buys merged into new batch
2026-03-20 15:30:00,2026-03-20,600016.XSHG,carryover_batch_created,400,3.855,1542.0,0.0,,600016.XSHG-B00391,,,,day1_plus,pending forward buys merged into new batch
2026-03-20 15:30:00,2026-03-20,600000.XSHG,carryover_batch_created,200,10.375,2075.0,0.0,,600000.XSHG-B00392,,,,day1_plus,pending forward buys merged into new batch
2026-03-20 15:30:00,2026-03-20,GLOBAL,reserve_tier_activated,0,0.0,200000.0,0.0,,,,,,capital,tier=1
2026-03-23 09:31:00,2026-03-23,600887.XSHG,exit_sell,100,26.2,2620.0,-6.3100000000000005,short,600887.XSHG-B00116,600887.XSHG-B00116:short,,breakeven_exit,exit,expected_exit_price=26.2000
2026-03-23 09:31:00,2026-03-23,600000.XSHG,exit_sell,100,10.23,1023.0,27.988500000000087,short,600000.XSHG-B00140,600000.XSHG-B00140:short,,breakeven_exit,exit,expected_exit_price=9.8950
2026-03-23 09:39:00,2026-03-23,600030.XSHG,buy_attempt_fill,100,24.68,2468.0,0.0,,,,600030.XSHG-FTB-00186,,day1_plus,
2026-03-23 09:43:00,2026-03-23,300122.XSHE,buy_attempt_fill,100,15.17,1517.0,0.0,,,,300122.XSHE-FTB-00187,,day1_plus,
2026-03-23 09:43:00,2026-03-23,600000.XSHG,buy_attempt_fill,100,10.02,1002.0,0.0,,,,600000.XSHG-FTB-00188,,day1_plus,
2026-03-23 09:45:00,2026-03-23,600059.XSHG,buy_attempt_fill,100,8.78,877.9999999999999,0.0,,,,600059.XSHG-FTB-00189,,day1_plus,
2026-03-23 09:47:00,2026-03-23,000069.XSHE,buy_attempt_fill,400,2.22,888.0000000000001,0.0,,,,000069.XSHE-FTB-00190,,day1_plus,
2026-03-23 09:48:00,2026-03-23,600161.XSHG,buy_attempt_fill,100,15.07,1507.0,0.0,,,,600161.XSHG-FTB-00191,,day1_plus,
2026-03-23 09:52:00,2026-03-23,000069.XSHE,buy_attempt_fill,400,2.23,892.0,0.0,,,,000069.XSHE-FTB-00192,,day1_plus,
2026-03-23 09:54:00,2026-03-23,000069.XSHE,buy_attempt_fill,400,2.23,892.0,0.0,,,,000069.XSHE-FTB-00193,,day1_plus,
2026-03-23 09:54:00,2026-03-23,600030.XSHG,buy_attempt_fill,100,24.78,2478.0,0.0,,,,600030.XSHG-FTB-00194,,day1_plus,
2026-03-23 09:54:00,2026-03-23,300122.XSHE,buy_attempt_fill,100,15.16,1516.0,0.0,,,,300122.XSHE-FTB-00195,,day1_plus,
2026-03-23 09:54:00,2026-03-23,600059.XSHG,buy_attempt_fill,100,8.79,878.9999999999999,0.0,,,,600059.XSHG-FTB-00196,,day1_plus,
2026-03-23 09:57:00,2026-03-23,600887.XSHG,buy_attempt_fill,100,25.81,2581.0,0.0,,,,600887.XSHG-FTB-00197,,day1_plus,
2026-03-23 10:03:00,2026-03-23,600000.XSHG,buy_attempt_fill,100,10.08,1008.0,0.0,,,,600000.XSHG-FTB-00198,,day1_plus,
2026-03-23 10:12:00,2026-03-23,300122.XSHE,buy_attempt_fill,100,15.23,1523.0,0.0,,,,300122.XSHE-FTB-00199,,day1_plus,
2026-03-23 10:14:00,2026-03-23,000069.XSHE,buy_attempt_fill,400,2.23,892.0,0.0,,,,000069.XSHE-FTB-00200,,day1_plus,
2026-03-23 10:34:00,2026-03-23,600138.XSHG,buy_attempt_fill,100,9.07,907.0,0.0,,,,600138.XSHG-FTB-00201,,day1_plus,
2026-03-23 10:39:00,2026-03-23,600085.XSHG,buy_attempt_fill,100,29.01,2901.0,0.0,,,,600085.XSHG-FTB-00202,,day1_plus,
2026-03-23 10:44:00,2026-03-23,600000.XSHG,buy_attempt_fill,100,9.99,999.0,0.0,,,,600000.XSHG-FTB-00203,,day1_plus,
2026-03-23 11:03:00,2026-03-23,600000.XSHG,buy_attempt_fill,100,10.0,1000.0,0.0,,,,600000.XSHG-FTB-00204,,day1_plus,
2026-03-23 11:12:00,2026-03-23,600016.XSHG,buy_attempt_fill,200,3.75,750.0,0.0,,,,600016.XSHG-FTB-00205,,day1_plus,
2026-03-23 11:28:00,2026-03-23,600138.XSHG,buy_attempt_fill,100,9.03,902.9999999999999,0.0,,,,600138.XSHG-FTB-00206,,day1_plus,
2026-03-23 13:10:00,2026-03-23,600030.XSHG,buy_attempt_fill,100,24.51,2451.0,0.0,,,,600030.XSHG-FTB-00207,,day1_plus,
2026-03-23 13:42:00,2026-03-23,300122.XSHE,buy_attempt_fill,100,14.99,1499.0,0.0,,,,300122.XSHE-FTB-00208,,day1_plus,
2026-03-23 13:52:00,2026-03-23,600161.XSHG,buy_attempt_fill,100,14.86,1486.0,0.0,,,,600161.XSHG-FTB-00209,,day1_plus,
2026-03-23 14:02:00,2026-03-23,600000.XSHG,buy_attempt_fill,100,9.91,991.0,0.0,,,,600000.XSHG-FTB-00210,,day1_plus,
2026-03-23 14:04:00,2026-03-23,600059.XSHG,buy_attempt_fill,100,8.6,860.0,0.0,,,,600059.XSHG-FTB-00211,,day1_plus,
2026-03-23 14:05:00,2026-03-23,300122.XSHE,buy_attempt_fill,100,14.92,1492.0,0.0,,,,300122.XSHE-FTB-00212,,day1_plus,
2026-03-23 14:23:00,2026-03-23,600138.XSHG,buy_attempt_fill,100,8.88,888.0000000000001,0.0,,,,600138.XSHG-FTB-00213,,day1_plus,
2026-03-23 14:23:00,2026-03-23,300122.XSHE,buy_attempt_fill,100,14.85,1485.0,0.0,,,,300122.XSHE-FTB-00214,,day1_plus,
2026-03-23 14:32:00,2026-03-23,600059.XSHG,buy_attempt_fill,100,8.58,858.0,0.0,,,,600059.XSHG-FTB-00215,,day1_plus,
2026-03-23 14:48:00,2026-03-23,600138.XSHG,buy_attempt_fill,100,8.88,888.0000000000001,0.0,,,,600138.XSHG-FTB-00216,,day1_plus,
2026-03-23 15:30:00,2026-03-23,600059.XSHG,carryover_batch_created,400,8.6875,3475.0,0.0,,600059.XSHG-B00395,,,,day1_plus,pending forward buys merged into new batch
2026-03-23 15:30:00,2026-03-23,600887.XSHG,carryover_batch_created,100,25.81,2581.0,0.0,,600887.XSHG-B00396,,,,day1_plus,pending forward buys merged into new batch
2026-03-23 15:30:00,2026-03-23,600138.XSHG,carryover_batch_created,400,8.965,3586.0,0.0,,600138.XSHG-B00400,,,,day1_plus,pending forward buys merged into new batch
2026-03-23 15:30:00,2026-03-23,000069.XSHE,carryover_batch_created,1600,2.2275,3564.0,0.0,,000069.XSHE-B00402,,,,day1_plus,pending forward buys merged into new batch
2026-03-23 15:30:00,2026-03-23,600085.XSHG,carryover_batch_created,100,29.01,2901.0,0.0,,600085.XSHG-B00407,,,,day1_plus,pending forward buys merged into new batch
2026-03-23 15:30:00,2026-03-23,600161.XSHG,carryover_batch_created,200,14.965,2993.0,0.0,,600161.XSHG-B00410,,,,day1_plus,pending forward buys merged into new batch
2026-03-23 15:30:00,2026-03-23,300122.XSHE,carryover_batch_created,600,15.053333333333333,9032.0,0.0,,300122.XSHE-B00411,,,,day1_plus,pending forward buys merged into new batch
2026-03-23 15:30:00,2026-03-23,600030.XSHG,carryover_batch_created,300,24.656666666666666,7397.0,0.0,,600030.XSHG-B00417,,,,day1_plus,pending forward buys merged into new batch
2026-03-23 15:30:00,2026-03-23,600016.XSHG,carryover_batch_created,200,3.75,750.0,0.0,,600016.XSHG-B00419,,,,day1_plus,pending forward buys merged into new batch
2026-03-23 15:30:00,2026-03-23,600000.XSHG,carryover_batch_created,500,10.0,5000.0,0.0,,600000.XSHG-B00420,,,,day1_plus,pending forward buys merged into new batch
2026-03-24 09:31:00,2026-03-24,600000.XSHG,exit_sell,100,9.95,994.9999999999999,0.002499999999971969,short,600000.XSHG-B00168,600000.XSHG-B00168:short,,breakeven_exit,exit,expected_exit_price=9.8950
2026-03-24 09:32:00,2026-03-24,300142.XSHE,exit_sell,100,11.96,1196.0,-5.598,short,300142.XSHE-B00160,300142.XSHE-B00160:short,,breakeven_exit,exit,expected_exit_price=11.9600
2026-03-24 09:37:00,2026-03-24,600887.XSHG,buy_attempt_fill,100,25.51,2551.0,0.0,,,,600887.XSHG-FTB-00217,,day1_plus,
2026-03-24 09:47:00,2026-03-24,600138.XSHG,buy_attempt_fill,100,8.94,894.0,0.0,,,,600138.XSHG-FTB-00218,,day1_plus,
2026-03-24 09:48:00,2026-03-24,600016.XSHG,buy_attempt_fill,200,3.74,748.0,0.0,,,,600016.XSHG-FTB-00219,,day1_plus,
2026-03-24 09:49:00,2026-03-24,600535.XSHG,buy_attempt_fill,100,13.6,1360.0,0.0,,,,600535.XSHG-FTB-00220,,day0,
2026-03-24 09:49:00,2026-03-24,600000.XSHG,buy_attempt_fill,100,9.94,994.0,0.0,,,,600000.XSHG-FTB-00221,,day1_plus,
2026-03-24 09:53:00,2026-03-24,600059.XSHG,buy_attempt_fill,100,8.61,861.0,0.0,,,,600059.XSHG-FTB-00222,,day1_plus,
2026-03-24 09:53:00,2026-03-24,600016.XSHG,buy_attempt_fill,200,3.74,748.0,0.0,,,,600016.XSHG-FTB-00223,,day1_plus,
2026-03-24 10:04:00,2026-03-24,600535.XSHG,buy_attempt_fill,100,13.62,1362.0,0.0,,,,600535.XSHG-FTB-00224,,day0,
2026-03-24 10:24:00,2026-03-24,600030.XSHG,buy_attempt_fill,100,24.31,2431.0,0.0,,,,600030.XSHG-FTB-00225,,day1_plus,
2026-03-24 10:28:00,2026-03-24,600030.XSHG,buy_attempt_fill,100,24.45,2445.0,0.0,,,,600030.XSHG-FTB-00226,,day1_plus,
2026-03-24 10:53:00,2026-03-24,600085.XSHG,buy_attempt_fill,100,28.67,2867.0,0.0,,,,600085.XSHG-FTB-00227,,day1_plus,
2026-03-24 10:58:00,2026-03-24,600059.XSHG,buy_attempt_fill,100,8.69,869.0,0.0,,,,600059.XSHG-FTB-00228,,day1_plus,
2026-03-24 11:02:00,2026-03-24,600000.XSHG,buy_attempt_fill,100,10.05,1005.0000000000001,0.0,,,,600000.XSHG-FTB-00229,,day1_plus,
2026-03-24 13:31:00,2026-03-24,600138.XSHG,buy_attempt_fill,100,8.98,898.0,0.0,,,,600138.XSHG-FTB-00230,,day1_plus,
2026-03-24 13:33:00,2026-03-24,600887.XSHG,buy_attempt_fill,100,25.55,2555.0,0.0,,,,600887.XSHG-FTB-00231,,day1_plus,
2026-03-24 15:30:00,2026-03-24,600059.XSHG,carryover_batch_created,200,8.65,1730.0,0.0,,600059.XSHG-B00423,,,,day1_plus,pending forward buys merged into new batch
2026-03-24 15:30:00,2026-03-24,600887.XSHG,carryover_batch_created,200,25.53,5106.0,0.0,,600887.XSHG-B00424,,,,day1_plus,pending forward buys merged into new batch
2026-03-24 15:30:00,2026-03-24,600138.XSHG,carryover_batch_created,200,8.96,1792.0000000000002,0.0,,600138.XSHG-B00428,,,,day1_plus,pending forward buys merged into new batch
2026-03-24 15:30:00,2026-03-24,600535.XSHG,carryover_batch_created,200,13.61,2722.0,0.0,,600535.XSHG-B00431,,,,day0,pending forward buys merged into new batch
2026-03-24 15:30:00,2026-03-24,600085.XSHG,carryover_batch_created,100,28.67,2867.0,0.0,,600085.XSHG-B00435,,,,day1_plus,pending forward buys merged into new batch
2026-03-24 15:30:00,2026-03-24,600030.XSHG,carryover_batch_created,200,24.38,4876.0,0.0,,600030.XSHG-B00445,,,,day1_plus,pending forward buys merged into new batch
2026-03-24 15:30:00,2026-03-24,600016.XSHG,carryover_batch_created,400,3.74,1496.0,0.0,,600016.XSHG-B00447,,,,day1_plus,pending forward buys merged into new batch
2026-03-24 15:30:00,2026-03-24,600000.XSHG,carryover_batch_created,200,9.995,1998.9999999999998,0.0,,600000.XSHG-B00448,,,,day1_plus,pending forward buys merged into new batch
2026-03-25 10:39:00,2026-03-25,600138.XSHG,buy_attempt_fill,100,9.15,915.0,0.0,,,,600138.XSHG-FTB-00232,,day1_plus,
2026-03-25 11:27:00,2026-03-25,600030.XSHG,buy_attempt_fill,100,24.57,2457.0,0.0,,,,600030.XSHG-FTB-00233,,day1_plus,
2026-03-25 11:29:00,2026-03-25,600016.XSHG,exit_sell,300,3.87,1161.0,-3.5804999999999536,short,600016.XSHG-B00139,600016.XSHG-B00139:short,,breakeven_exit,exit,expected_exit_price=3.8633
2026-03-25 13:49:00,2026-03-25,600030.XSHG,buy_attempt_fill,100,24.7,2470.0,0.0,,,,600030.XSHG-FTB-00234,,day1_plus,
2026-03-25 14:02:00,2026-03-25,600059.XSHG,buy_attempt_fill,100,8.79,878.9999999999999,0.0,,,,600059.XSHG-FTB-00235,,day1_plus,
2026-03-25 14:18:00,2026-03-25,600138.XSHG,buy_attempt_fill,100,9.19,919.0,0.0,,,,600138.XSHG-FTB-00236,,day1_plus,
2026-03-25 15:30:00,2026-03-25,600059.XSHG,carryover_batch_created,100,8.79,878.9999999999999,0.0,,600059.XSHG-B00451,,,,day1_plus,pending forward buys merged into new batch
2026-03-25 15:30:00,2026-03-25,600138.XSHG,carryover_batch_created,200,9.17,1834.0,0.0,,600138.XSHG-B00456,,,,day1_plus,pending forward buys merged into new batch
2026-03-25 15:30:00,2026-03-25,600030.XSHG,carryover_batch_created,200,24.635,4927.0,0.0,,600030.XSHG-B00473,,,,day1_plus,pending forward buys merged into new batch
2026-03-26 09:38:00,2026-03-26,600059.XSHG,buy_attempt_fill,100,8.83,883.0,0.0,,,,600059.XSHG-FTB-00237,,day1_plus,
2026-03-26 09:57:00,2026-03-26,600887.XSHG,buy_attempt_fill,100,26.08,2608.0,0.0,,,,600887.XSHG-FTB-00238,,day1_plus,
2026-03-26 09:59:00,2026-03-26,600085.XSHG,buy_attempt_fill,100,28.64,2864.0,0.0,,,,600085.XSHG-FTB-00239,,day1_plus,
2026-03-26 10:03:00,2026-03-26,600000.XSHG,buy_attempt_fill,100,10.11,1011.0,0.0,,,,600000.XSHG-FTB-00240,,day1_plus,
2026-03-26 13:12:00,2026-03-26,600138.XSHG,buy_attempt_fill,100,9.17,917.0,0.0,,,,600138.XSHG-FTB-00241,,day1_plus,
2026-03-26 13:22:00,2026-03-26,600000.XSHG,buy_attempt_fill,100,10.05,1005.0000000000001,0.0,,,,600000.XSHG-FTB-00242,,day1_plus,
2026-03-26 15:30:00,2026-03-26,600059.XSHG,carryover_batch_created,100,8.83,883.0,0.0,,600059.XSHG-B00479,,,,day1_plus,pending forward buys merged into new batch
2026-03-26 15:30:00,2026-03-26,600887.XSHG,carryover_batch_created,100,26.08,2608.0,0.0,,600887.XSHG-B00480,,,,day1_plus,pending forward buys merged into new batch
2026-03-26 15:30:00,2026-03-26,600138.XSHG,carryover_batch_created,100,9.17,917.0,0.0,,600138.XSHG-B00484,,,,day1_plus,pending forward buys merged into new batch
2026-03-26 15:30:00,2026-03-26,600085.XSHG,carryover_batch_created,100,28.64,2864.0,0.0,,600085.XSHG-B00491,,,,day1_plus,pending forward buys merged into new batch
2026-03-26 15:30:00,2026-03-26,600000.XSHG,carryover_batch_created,200,10.08,2016.0,0.0,,600000.XSHG-B00504,,,,day1_plus,pending forward buys merged into new batch
2026-03-27 09:44:00,2026-03-27,600000.XSHG,buy_attempt_fill,100,10.05,1005.0000000000001,0.0,,,,600000.XSHG-FTB-00243,,day1_plus,
2026-03-27 09:45:00,2026-03-27,600016.XSHG,buy_attempt_fill,200,3.83,766.0,0.0,,,,600016.XSHG-FTB-00244,,day1_plus,
2026-03-27 09:48:00,2026-03-27,600138.XSHG,buy_attempt_fill,100,9.12,911.9999999999999,0.0,,,,600138.XSHG-FTB-00245,,day1_plus,
2026-03-27 09:49:00,2026-03-27,600059.XSHG,buy_attempt_fill,100,8.78,877.9999999999999,0.0,,,,600059.XSHG-FTB-00246,,day1_plus,
2026-03-27 09:53:00,2026-03-27,600887.XSHG,buy_attempt_fill,100,25.96,2596.0,0.0,,,,600887.XSHG-FTB-00247,,day1_plus,
2026-03-27 09:54:00,2026-03-27,600016.XSHG,buy_attempt_fill,200,3.82,764.0,0.0,,,,600016.XSHG-FTB-00248,,day1_plus,
2026-03-27 09:59:00,2026-03-27,600030.XSHG,buy_attempt_fill,100,24.2,2420.0,0.0,,,,600030.XSHG-FTB-00249,,day1_plus,
2026-03-27 10:22:00,2026-03-27,600059.XSHG,buy_attempt_fill,100,8.83,883.0,0.0,,,,600059.XSHG-FTB-00250,,day1_plus,
2026-03-27 10:29:00,2026-03-27,600016.XSHG,buy_attempt_fill,200,3.83,766.0,0.0,,,,600016.XSHG-FTB-00251,,day1_plus,
2026-03-27 10:54:00,2026-03-27,600030.XSHG,buy_attempt_fill,100,24.2,2420.0,0.0,,,,600030.XSHG-FTB-00252,,day1_plus,
2026-03-27 10:57:00,2026-03-27,600138.XSHG,buy_attempt_fill,100,9.12,911.9999999999999,0.0,,,,600138.XSHG-FTB-00253,,day1_plus,
2026-03-27 15:30:00,2026-03-27,600059.XSHG,carryover_batch_created,200,8.805,1761.0,0.0,,600059.XSHG-B00507,,,,day1_plus,pending forward buys merged into new batch
2026-03-27 15:30:00,2026-03-27,600887.XSHG,carryover_batch_created,100,25.96,2596.0,0.0,,600887.XSHG-B00508,,,,day1_plus,pending forward buys merged into new batch
2026-03-27 15:30:00,2026-03-27,600138.XSHG,carryover_batch_created,200,9.12,1823.9999999999998,0.0,,600138.XSHG-B00512,,,,day1_plus,pending forward buys merged into new batch
2026-03-27 15:30:00,2026-03-27,600030.XSHG,carryover_batch_created,200,24.2,4840.0,0.0,,600030.XSHG-B00529,,,,day1_plus,pending forward buys merged into new batch
2026-03-27 15:30:00,2026-03-27,600016.XSHG,carryover_batch_created,600,3.8266666666666667,2296.0,0.0,,600016.XSHG-B00531,,,,day1_plus,pending forward buys merged into new batch
2026-03-27 15:30:00,2026-03-27,600000.XSHG,carryover_batch_created,100,10.05,1005.0000000000001,0.0,,600000.XSHG-B00532,,,,day1_plus,pending forward buys merged into new batch
